{"ALLO-USDT": 1762870963.1387174, "ARIAIP-USDT": 1763021620.7062404, "RESOLV-USDT": 1763387658.175565}