{"GAIB-USDT": 1763564680.6505642, "AIA-USDT": 1764093660.904886}